ID,Summary,Manual_Sleep_Topic
APP1194159,"The aged population accounts for a significant, and increasing, amount of Australia‚Äôs health budget. We aim to uncover novel molecular biomarkers that slow the ageing process and maintain good health for longer. We will use innovative DNA and protein analysis to study the molecular ‚Äòclocks‚Äô of young and old populations and to test whether exercise can slow the ageing process. This will underpin the development of evidence-based biomarkers to be used in personalised health interventions.",no
APP1194330,"Gastrointestinal parasites cause billions of infections and hundreds of thousand of deaths globally each year. Even in developed countries, these parasites remain an important public health risk, through the cost of their control, the acute impacts of infection and their contribution to post-infectious irritable bowel syndrome and chronic fatigue. My team employs cutting-edge methods to improve their diagnosis, surveillance, treatment and control.",no
APP1195453,The amount of time and the quality of our sleep affects every aspect of our health and well-being. The amount of time we sleep is maximal in infants and children because it is promotes normal brain development. Sleep problems affect nearly half of all children and adversely affect both learning and blood pressure. The proposed studies will identify and improve treatment of sleep problems to improve overall physical health and quality of life for these children and their families.,yes
APP1195699,"It is very common to get Motor Impairments in many diseases and disorders, such as stroke and multiple sclerosis, and even with ageing. These affect our ability to move and function properly. I will use multidisciplinary expertise in basic, applied and clinical science to answer key questions about mechanisms and management of the Motor Impairments of weakness and fatigue, impaired sensation and balance, and muscle contracture. Results will be rapidly applied in clinical populations.",no
APP1196261,">1million Australian adults have obstructive sleep apnoea (OSA). OSA has several causes. Untreated OSA is associated with major health consequences. <50% of OSA patients tolerate the main therapy, continuous positive airway pressure. New treatments are urgently required. This proposal aims to use and develop novel approaches to identify the causes of OSA on a per patient basis, improve current therapies and management approaches and test if new targeted therapies can be used to treat OSA.",yes
APP1196636,"Insomnia patients have disturbed sleep and symptoms similar to people with depression and anxiety. Treatments are far from optimal and have not progressed since the beginning of the century. My pioneering work identified insomnia patients at risk of depression and anxiety and revealed a potential way of targeting disturbed sleep to resolve emotional distress. Now, my mission is to understand why they are at risk and develop innovative treatments that reduce their risk for depression and anxiety.",yes
APP1197074,"Depression frequently emerges for the first-time during adolescence. This project examines ways to prevent depression in young people by: (i) partnering with schools to deliver broad universal programs to students through the education system, and (ii) treating sleep disturbance, a powerful but non-stigmatised risk factor for onset of depression. Findings from this research will inform innovative ways to address the depression crisis through the optimisation of prevention approaches.",no
APP1197315,"My research will address limitations in our understanding of the impact of sleep characteristics on memory and thinking abilities and biological markers of brain health in older adults, by; 1) exploring these relationships over time, and 2) enabling direct assessment of the effect of improved sleep on memory and thinking, and markers of brain health, following sleep-improvement therapy. My results will contribute to the development of strategies aimed at promoting healthy brain ageing.",yes
APP1197324,"Chronic kidney disease (CKD) is a major cause of death and imposes a substantial burden on individuals and the healthcare system worldwide. In partnership with patients, this project will establish and implement core outcomes and measures. Patient-centred trials will address the research priorities of patients across all stages of CKD including: preventing the progression of CKD, improving fatigue in patients on dialysis, and optimising life participation in kidney transplant recipients.",no
APP1197439,"There are many challenges to the management of sleep disorders. There is mounting evidence that sleep problems promote impaired memory and thinking and ultimately dementia. My research will focus on improving detection and management of sleep disorders using cutting edge technologies in different patient groups with the aim of maximising brain health. This will be achieved by a range of new treatments including clinical trials, digital health approaches and new ways of improving deep sleep.",yes
APP1199363,"The cause(s) of myalgic encephalomyelitis/chronic fatigue syndrome (ME/CFS) are not well known, but may involve altered function by the component of the cell that produces energy (mitochondria). We will use cutting edge stem cell technology to investigate this in detail and generate vital new knowledge that could identify new targets for the treatment of ME/CFS. We will also use a complex technology to screen a library of drugs to identify those that may be useful in the treatment of ME/CFS.",no
APP1199502,"Myalgic Encephalomyelitis/Chronic Fatigue Syndrome (ME/CFS) is an illness affecting up to 240,000 Australians. The cause of ME/CFS is not known, and there are currently no diagnostic tests or effective treatments. Research suggests that ion channels that transfer calcium within cells are dysfunctional in ME/CFS. Our research will investigate ion channels and calcium transfer using immune cells to help develop biomarkers for the illness and discover better treatments for these patients.",no
APP1200292,"Myalgic Encephalomyelitis/Chronic Fatigue Syndrome (ME/CFS) is a disease diagnosed by symptoms. Our extensive research has led to a hypothesis that ME/CFS results from toxic by-products of energy production in their cells. This problem can be caused by many unique ways, which could explain the diversity of the ME/CFS patient population. We propose to test this hypothesis with a novel personalised experimental design to simultaneously produce a plethora of new knowledge for the field of ME/CFS.",no
APP2001234,This study will evaluate the effects of environmental light exposure on the response of the circadian pacemaker to night shift in a large sample of shift workers. It will refine a novel biomathematical model of the circadian pacemaker to improve predictions of circadian timing for individual shift workers. This prediction will inform personalised recommendations to enhance circadian adaptation to night shift and reduce the negative implications of circadian misalignment on health and safety.,yes
APP2001729,"Obstructive sleep apnoea (OSA) is a highly prevalent nocturnal breathing disorder strongly related to daytime sleepiness, accident risk and reduced quality of life. However, the current severity index, the apnoea-hypopnoea index, poorly predicts daytime sleepiness and vigilance. In this project we elegantly combine physiological insight and artificial intelligence to develop and evaluate novel clinically applicable computational tools for detailed quantification of OSA severity and its symptoms.",yes
APP2001834,"Persistent sleep problems are common during pregnancy/postpartum periods and have significant consequences. Cognitive behavioural interventions are efficacious for improving sleep but are not currently available in perinatal care. This study examines the effectiveness, cost- effectiveness, and implementation potential of an innovative nonpharmacological intervention for better maternal sleep and wellbeing, with high potential for sustainable integration with routine perinatal care.",yes
APP2002454,"Attention Deficit and Hyperactivity Disorder (ADHD) is characterised by inappropriate levels of inattention. ADHD patients also frequently experience sleep disturbances and abnormal daytime sleepiness. We will examine to what extent sleep disturbances can account for ADHD symptoms by examining if the attentional deficits associated with ADHD can be explained by a phenomenon called local sleep, whereby parts of the brain spontaneously fall asleep in the context of a globally awake brain.",yes
APP2003370,"Narcolepsy with cataplexy is a debilitating, life-long sleep-wake disorder, caused by the irreversible loss of the brain peptide 'orexin'. There is no satisfactory and safe treatment. We aim to develop an orexin analogue, delivered directly to the brain of sheep (relevant in size and translatable to patients) by a programmable pump to timely activate the orexin 'wake-up' switch. This innovative precision medicine project will significantly improve the quality of life of narcolepsy patients.",yes
APP2003595,"About 4.6 million Australians will experience PTSD during their life. Having insomnia before or immediately after trauma exposure makes it 2.5-3 times more likely someone will develop PTSD, but no one knows why. This project will, for the first time, propose and test a reason why insomnia increases the risk of PTSD. If successful, we will identify one of the few risk factors that can actually be modified in order to reduce the likelihood of developing PTSD after a trauma.",yes
APP2005188,"My project studies adolescents with cystic fibrosis and explore how mental health issues influence and associate with important health outcomes relating to respiratory health, sleep quality, pain issues, family functioning, financial and social status and ability to manage treatment plans. I will recruit participants from the AREST CF (Australian Respiratory Early Surveillance Team for Cystic Fibrosis) project that studies children with CF from diagnosis.",no
APP2005779,"The two most common clinical sleep disorders, insomnia and obstructive sleep apnea (OSA), affect >4 million Australians, costing Australia over $66 billion annually. People with sleep disorders are receiving care that is far from best practice and is potentially dangerous. This novel partnership study represents a major step towards improving management of sleep disorders in primary care (PC) using new, evidence-based, models of care for insomnia and OSA, designed specifically for PC.",yes
APP2007001,"Almost 1 billion people suffer from sleep apnoea. Unfortunately, the current diagnostic metric relates poorly to the symptoms and comorbidities of sleep apnoea merely measuring the frequency of breathing cessations. We aim to develop machine learning techniques to better estimate sleep apnoea severity. These techniques are implemented to high-end wearables developed in this project. Finally, we aim to design a digital diagnostic platform and create new standardised guidelines for sleep medicine.",yes
APP2008001,Sleep disturbance accelerates age-related memory decline and increases dementia risk. Monitoring the brain during sleep to understand how sleep disturbance underpins memory problems and contribute to dementia risk is of critical importance.  This work will use innovative technology to identify abnormal brain waves that predict memory deficits and evaluate novel treatments that could enhance sleep and improve memory.,yes
APP2008064,"While there is no cure for dementia, we know that almost half the risk for dementia is due to factors that can be tackled from midlife.  My work aims to a) improve understanding of how new emerging risk factors, namely sleep disturbance contribute to dementia onset and progression b) generate robust evidence for new treatments targeting modifiable risks and c) change practices in our health services to develop national standards, timely diagnoses and provision of appropriate treatments and care.",no
APP2008090,"Living organisms adapt to light‚Äìdark rhythms using internal clocks. This body clock not only regulates our sleep and feeding behaviour but also our immune system. Disruption of the body clock can increase the risk of developing cancer, diabetes and asthma. We will discover how our body clock regulates our immune cells to allow future development of therapeutic targets to control these diseases.",yes
APP2008157,"Obstructive Sleep Apnoea (OSA) is a very common breathing disorder during sleep that causes low oxygen levels and disturbed sleep. This causes individuals to feel tired, increasing the risk of injury and reducing quality of life. OSA directly affects the heart and increases the risk of high blood pressure, heart attack, heart rhythm disorders, and stroke. This project aims to better understand this connection and to determine whether effective treatment of OSA improves heart health.",yes
APP2008197,"We don't yet understand what causes depression and bipolar disorder or why some people don't get better after treatment. This Investigator Fellowship will allow me to explore whether dysfunction of ‚Äúbiological clocks‚Äù‚Äîwhich control the timing of most of our behaviours and bodily functions‚Äîare responsible for a number of problems that young people with mood disorders face, including fatigue, depressed mood, sleep/wake cycle irregularities, and bodily symptoms like upset stomach and muscle pain.",yes
APP2008255,"Interstitial lung diseases (ILD) are complex incurable lung scarring conditions, which cause distressing breathlessness, fatigue, and poor quality of life. It is the second most common cause of death due to chronic lung disease in Australia. My program will allow us to predict how the disease worsens over time, to understand how sleep and drug complexity affect health outcomes, and to better treat debilitating shortness of breath and low oxygen levels in people with ILD.",no
APP2008565,Lewy body dementias are characterized by marked swings in attention and arousal known as cognitive fluctuations. We aim to show that disturbances in the biology maintaining the normal balance between wakefulness and sleep underlie this core symptom and use this to identify new disease biomarkers and novel therapeutic targets of Lewy body disease. We apply this to recruit the first prodromal cohort of delirium-onset Lewy body dementia and to improve prediction and treatment of delirium generally.,no
APP2009047,"Anaemia can cause fatigue, lethargy, and impair health outcomes during pregnancy and in children, and affects over 1.7 billion people. I will develop and test innovative new solutions to reduce anaemia in children and pregnant mothers, and use samples from these studies to drive new discoveries that will inform development of next generation improved treatments. Finally, I lead the WHO Collaborating Centre on anaemia control, enabling our findings to be quickly translated into practice. ",no
APP2009264,"My research program will determine whether poor sleep should be a therapeutic target for reducing dementia risk. Using longitudinal cohort studies, I will identify the changes in sleep that most strongly predict the risk of Alzheimer‚Äôs disease and dementia. Results will guide targeted sleep interventions to reduce dementia risk and help select at risk subjects for inclusion in dementia prevention trials. ",yes
APP2009295,"We now know that providing clinical care to people with mental health problems that improves their diet, physical activity and sleep, while reducing their smoking, drug and alcohol use is highly beneficial for their mental health as well as their physical health.  Yet this type of care is not typically offered as part of routine mental health care.  My research will produce evidence that addresses this gap to improve the lives of individuals with mental health concerns in Australia and beyond. ",no
APP2011634,"During deep sleep, blood pressure falls and the brain rests. Production of toxic waste also slows while its removal increases. This brain cleaning process during sleep is thought to be crucial for preventing dementia. Obstructive Sleep Apnoea (OSA) is a common condition characterised by marked sleep and blood pressure disturbances. People with OSA have an increased risk for dementia. This study aims to investigate how sleep and blood pressure disturbances affect brain cleaning in people with OSA",yes
APP2011845,"Lactation mastitis is a debilitating inflammatory breast disease occurring in 1 in 5 Australian breastfeeding women. The disease causes lactation insufficiency, localised pain and rapid onset of fever, muscle aches, chills and fatigue, leading many women to use supplementary formula or cease breastfeeding altogether. This project will address key gaps in our understanding of the biological causes of mastitis and lead to improved prevention and treatment of this disease.",no
APP2012569,"The proposed study will compare the health benefits of limiting ‚Äúwhen‚Äù vs ‚Äúhow much‚Äù is eaten on health in individuals at high risk of developing type 2 diabetes. The concept that marked improvements in health can be achieved by aligning food intake with circadian rhythms, without weight loss, is game changing. But we do not yet clearly understand how one performs against the other, or if both are required, in humans, since no trials have been performed. ",no
APP2012772,"Obesity rates continue to soar despite decades of efforts to promote lifestyle changes. Our work points to an important role for the RIPK1 gene in obesity through adipose tissue inflammation and circadian clock disruption. Using unique mouse models, nanoparticle therapies and novel technologies to map genetic reprogramming, we will explore how RIPK1 pathways drive these processes in obesity and provide proof-of-concept for novel anti-obesity therapies. ",no
APP2012828,"Body clock and sleep undergo significant changes during adolescence, a critical phase for the development of depression. In a large sample of adolescents, we propose to test how later timing of the body clock, shorter sleep duration, and irregular sleep timing, are associated with increased depressive symptoms. We will also test how light exposure patterns affect the shift in timing of the body clock. The study will inform the development of evidence-based sleep interventions for adolescents.",yes
APP2013427,"More than 7.4 million Australians suffer from inadequate sleep. Sleep loss doesn't just make us tired; we have shown it also negatively affects mitochondria (""energy powerhouses"") and glucose metabolism (increasing the risk of diabetes). Based on compelling data, this project will discover novel mechanisms responsible for the negative effects of sleep loss and test targeted exercise prescription as a cost-effective strategy to prevent metabolic problems arising from inadequate sleep.",yes
APP2017496,"1 in 3 Aboriginal and Torres Strait Islander adolescents struggle with poor sleep, yet their sleep health needs remains unmet. In collaboration with community members, the project team and partner organisations are working together to co-design a sleep health program and resources, build local capacity, and embed culturally responsive and context responsive sleep health care in preventive programs and health system to meet the sleep health needs of First Nations adolescents.",yes
APP2017506,"Traumatic experiences are a risk factor for poor physical and mental health.     This research program will generate critical knowledge on how lifestyle factors (physical activity, diet and sleep) impact mental and physical health, in people exposed to trauma. This includes emergency service workers, veterans and people from refugee and asylum seeker backgrounds.     Results will inform how lifestyle programs can be integrated into routine care of people exposed to trauma (with, and at risk of PTSD).",no
APP2018668,"Modifiable risk factors account for up to 40% of dementia risk, and sleep disturbance (SD) has emerged as a viable new target. This project will assess SD, cognitive decline and dementia pathology using methods including novel blood-based biomarkers. This project will also develop scalable digital health solutions addressing SD, and assess the impact of interventions on SD and dementia biomarkers, in order to translate findings into clinical practice and substantially reduce dementia risk.",yes
APP2019260,"This project aims to improve our knowledge about how problems with ‚Äúbody clocks‚Äù might lead to mood disorders like depression and bipolar disorder. We expect this research will (1) lead to better ways to measure body clock function, (2) reveal more clearly how body clocks are affected in mood disorders, (3) help clinicians predict whose mood disorder will persist or get worse over time, and (4) guide clinicians about what treatments can help improve people‚Äôs body clocks and mental health.",yes
APP2019372,"This project aims to understand the formation of cells in the brain that are critical for controlling sleep. These sleep neurons are often affected in sleep disorders such as narcolepsy, a condition involving sudden attacks of sleep that affects 1/2,000 humans. By understanding how sleep neurons develop within the brain we will be able to generate sleep neurons from stem cells. This will pave the way for future bench-to-clinic transplantation experiments to alleviate narcolepsy.",yes
APP2020732,"Blood pressure (BP) monitoring is critically important in hospitalised children and in those with hypertension, but is impeded by low tolerance to repeated cuff inflation. In this project, a novel cuffless BP device suitable for children will be developed and tested in real clinical settings. The device will overcome the distress and sleep disturbance caused by current devices, enabling more reliable and timely identification of high or low BP levels that can cause permanent brain/kidney damage.",no
APP2020782,"Nine-five percent of all Malaria transmission occurs within the African region, causing approximately 600 000 deaths per year.  Insecticide-treated bed nets are one of the primary interventions used to stop the spread of malaria.  However, sensations of feeling too hot to sleep comfortably is the primary reason for not using bed nets. By simulating real-world conditions, this project will determine how fans can be used to improve thermal comfort and sleep quality within the bed net enclosure.",no
APP2021595,"A change in the sleep-wake system, particularly reduced deep sleep, is associated with impaired memory and cognition, and other aspects of brain health in later life. We will use exciting new technology and never-before-used ways of understanding the brain to reveal the causal role of deep sleep in brain and cognitive health. This will provide critical evidence for the use of sleep therapeutics which increase deep sleep to enhance brain health and promote cognition in older adults.",yes
APP2021864,"The aim of this project is to examine the effects of caffeine on the human internal body clock. In particular, we will assess the extent to which a moderate amount of caffeine, equivalent to a double-shot espresso, can shift the timing of the body clock. The results of this project will enable practitioners to use caffeine to treat disorders and behaviours that seriously disrupt the body clocks of 20% of Australian adults (e.g., delayed sleep onset, night work, international flight).",yes
APP2021950,"Low back pain (LBP) is the leading cause of disability globally and all commonly prescribed medications for acute LBP are not effective or cause serious side effects. Effective treatments for acute LBP are urgently needed. Muscle relaxants medicines such as Zopiclone, a safe sleep drug, appear to be safe and effective for acute LBP, although considerable uncertainty remains. My study, ZEUs, will be the definitive, double-blind placebo controlled randomised trial testing Zopiclone in acute LBP.",no
APP2022218,"Obstructive sleep apnoea is a common sleep disorder where the upper airway collapses repeatedly during sleep, interrupting breathing. It is associated with accidents and elevated risk of cardiovascular disease. Current treatments are poorly adhered to by patients, and there is a substantial market for new therapies that are patient-friendly. This project aims to bring a new minimally invasive light-stimulation therapy, Optosleep, to the stage where it can be tested in human patients.",yes
APP2023931,"Sciatica affects 400,000 Australians every year. Easily available treatments like opioids and pregabalin are not effective. Our team has shown that duloxetine, an antidepressant, may be a promising treatment for chronic sciatica. We propose DREAM - a trial that will use rigorous methods to determine if duloxetine is effective, safe, and cost-effective for people with chronic sciatica. If effective, DREAM will transform how chronic sciatica is treated.",no
APP2025333,"Circadian disruption leads to poor health. Measurement of circadian timing in sleep and circadian rhythm disorders is critical for accurate diagnosis and treatments, but these assessments are almost never conducted clinically due to lack of practical methods. My research program will develop a scalable method for digital circadian rhythm assessments using wearable monitors and advanced modelling, that can be used in sleep clinics around the world to improve diagnostic and therapeutic outcomes.",yes
APP2025614,Cellular therapies are designed to boost the patient's immune system to better fight cancer. Dendritic cells (DCs) are sentinel cells whose normal function is to alert the immune system to infection or cancer. We are developing a method to engineer DCs that we aim to deliver to patients as a new class of cell therapy. In this project we aim to produce enough supportive data to progress this therapy towards a clinical trial in solid cancer patients.,no
APP2025886,"Sleep-disordered breathing are common respiratory disorders that affect over a billion people worldwide, disrupting sleep and impacting quality of life. Current methods of diagnosis can be costly and time-consuming, with misdiagnoses occurring in up to 50% of cases and wait times of up to two years. To address these challenges, I propose a novel, multi-modal, data-driven approach to diagnose and manage sleep-disordered breathing using affordable technology that can be implemented in the home.",yes
APP2027008,"This research aims to understand the neural and immune mechanisms that drive the transition from acute to chronic back pain, and the role of sleep and physical activity. Critical knowledge gaps relating to this transition will be closed and the capacity for sleep and physical activity to prevent it will be tested by applying an innovative blend of basic and clinical sciences. Findings will shift how we think about back pain in the context of these everyday factors and inform treatment advances.",no
APP2027093,Atrial fibrillation (AF) is the most common heart rhythm disorder in human beings. It is a common cause of stroke and disability. Obstructive sleep apnoea is a condition where the airway closes during sleep and is also very common in patients with AF. This research will firstly evaluate the way in which AF and OSA are connected. It will also try to develop effective treatments for OSA that may reduce the severity of AF. The impact of OSA treatment on stroke risk will also be investigated.,yes
APP2028428,"Obstructive Sleep Apnoea (OSA) affects one in five Australians, causing drops in blood oxygen levels and disruption to deep, or slow wave, sleep. Slow wave sleep is important for brain health. Current treatments for OSA are poorly tolerated and not effective in all patients. This study will examine whether a novel therapy for OSA, which enhances slow wave sleep through acoustic stimulation, improves patients‚Äô daytime functioning and explore how it affects the underlying causes of OSA.",yes
APP2029399,"The circadian body-clock regulates sleep, wake and brain and body functions across each day and night. This system adjusts according to the daily exposure timing and intensity of blue light. This project will combine wearable sensor data with high performance physiology and data-driven analysis methods to create the first practical daily tracking and light retiming method needed to accelerate body-clock adjustments in shift-workers and circadian sleep disorders.",yes
APP2031331,"For patients with atrial fibrillation (AF), controlling risk factors including blood pressure, diabetes, weight, cholesterol, sleep apnoea and alcohol intake has been shown in large clinical studies to reduce the amount of AF and avoid the need for invasive procedures. This project seeks to develop and clinically validate a smartphone based app to create a digital AF care plan to engage the patient and their doctors to optimise their AF management.",no
APP2031419,"Physical activity enables people living with cancer to combat treatment side effects such as fatigue, improve quality of life and reduce the risk of cancer recurrence. Exercise rehabilitation is now recommended as a way for people to optimise physical activity. However, people struggle to find the right time for rehabilitation and fail to regain premorbid function. My research will determine the right time for people to access rehabilitation in order to survive longer and live better lives.",no
APP2032328,"Physical activity, sitting and sleep - termed ‚Äúphysical behaviours‚Äù - are major determinants of risk for many cancers, although we do not know what the minimal and optimal amounts for cancer prevention are. This project will use the wearable device data derived from the ProPASS consortium to examine the combined associations of physical activity, sitting and sleep with cancer risk. The aim is to provide precise evidence that will contribute to future cancer prevention guidelines.",no
APP2033519,"Sleep and ‚Äòbody clock‚Äô disruption create vulnerability for depression. We now know that antidepressants affect sleep and the body clock in a way that has the potential to predict treatment outcomes. This program of research will examine the effect of a range of antidepressants on the body clock in both acute (single) and chronic (multiple) doses, and evaluate the effectiveness of circadian measures for predicting antidepressant treatment responses.",yes
APP2033832,"Sleep and circadian treatments are effective at improving both sleep and mental health problems, but current treatments do not meet the needs and priorities of adolescents and young adults. This research program will address this challenge by co-designing and evaluating i) a digital sleep and circadian intervention for young people and ii) a peer-led sleep intervention for young adults at university.",yes
APP2034034,"Insomnia is the most common sleep disorder, causing significant distress, impairment, and societal burden. The first-line treatment for insomnia is effective but is largely not accessible to the community. Further, there are no current insomnia prevention programs in Australia. This proposal will (1) create new knowledge to inform the treatment and prevention of insomnia, and (2) co-design evidence-based treatment and prevention with stakeholders and community involvement.",yes
APP2034497,"Our body clock orchestrates our physiology, including when we eat and sleep, synchronizing it with the daily changes in our environment and the alteration of day and night. Modern western lifestyles, technology and shift work disrupt our body clock. This disruption is associated with many diseases including obesity, liver diseases and cancer, but the mechanisms responsible are poorly understood. My research will decipher how disruption of the body clock leads to liver and metabolic diseases.  ",yes
APP2036043,"It is unknown what personalised nutrition strategies people having chemotherapy in Australia and Southeast Asia can use to offset common and distressing symptoms like nausea, vomiting, constipation, diarrhoea, and fatigue. This study will determine what nutrients and diet patterns are associated with chemotherapy side-effects to identify diet strategies that could help to prevent and manage symptoms.",no
APP2038129,"This project will, for the first time, utilise novel nonintrusive sleep sensor technology to monitor sleep and health outcomes for an extended period in the home environment to determine 1) how much night to night variability in AHI (N2NV) impacts health outcomes, 2) identify the key physiological and behavioural factors that drive N2NV and 3) explore the impact of N2NV on effectiveness of OSA treatment in improving health outcomes.",yes
APP2039039,"Every day we juggle many competing demands on our time. Incorporating one-size-fits-all time-use interventions (eg increase physical activity to 30 minutes/day) into our lives can be impossible or unsustainable. We will develop new methods that search across all daily activities (sleep, sedentary behaviours and physical activities) to obtain a menu of different time-use changes that all have the same health benefit, giving people flexibility and choice in how they wish to improve their time use.",no
APP2039685,"Developmental and epileptic encephalopathies (DEEs) are conditions associated with drug-resistant epilepsy, motor problems, intellectual disability, neuropsychiatric and sleep disorders. The focus of DEE care has been on seizure control. This project aims to characterize the wide-ranging patterns of medical conditions associated with DEEs, and their response to novel therapies.  It will lead to a paradigm shift towards ensuring holistic care of patients with DEEs. ",no
APP2040067,"Atrial fibrillation (AF) is a common irregular heart rhythm often treated with catheter ablation. It is associated with obstructive sleep apnoea (OSA), another common condition where people intermittently stop breathing whilst asleep requiring treatment with a breathing machine (CPAP). The SNORE-AF study investigates if treating OSA with CPAP in patients with AF undergoing ablation leads to reduced AF, improved symptoms and enhanced quality of life to better manage patients with AF. ",no
APP2040907,"Physical activity, sitting and sleep ‚Äì termed ‚Äúphysical behaviours‚Äù ‚Äì are major determinants of risk for cardiovascular disease and cancer, but we do not know what the optimal patterns of daily physical behaviour are. My program will harness the power of wearable devices to optimise guidelines and prevention practice by identifying the combined potential of more incidental physical activity, less sitting, and better sleep for CVD and cancer risk reduction. ",no
APP2041434,"Insomnia impacts 10-15% of the global population and impairs health, daytime function, and quality of life. Current diagnosis ignores the variable underlying causes of the disorder, and less than 1% of patients are referred for the recommended front-line treatment. My work will use sleep technologies to better identify the causes of insomnia so that tailored treatments can be delivered to better treat insomnia, using tools that can manage insomnia on a large scale for reduced cost.",no
APP2042383,"This project will create new methods to help researchers analyse how daily time spent in behaviours like physical activity, sedentary time, and sleep affects health and wellbeing. It will address key gaps for informing the design and analysis of time-use interventions, for example: how many participants should be included in a study, how to determine feasible behaviour-change goals for individuals, and how to assess the impact of different behaviour-change options on health and wellbeing.     ",no
APP2042772,"Disturbances in sleep and circadian rhythms, or ‚Äòbody clock‚Äô, are common in people who experience psychosis. However, the mechanisms underlying this are unclear. My 5 year program will conduct a series of studies that leverage advances in wearable technology, clinical phenotyping and computational approaches to understand whether and how sleep and circadian markers can predict young people who will develop psychosis or other poor outcomes. This information can be used to inform treatment.",no
APP2042887,"It is well known that poor sleep worsens mental health. Despite this knowledge, mental healthcare clinicians receive almost no training in treating sleep problems. This project will launch an Australia-wide online training initiative to upskill mental healthcare clinicians to deliver effective sleep treatments. This project will ensure clinicians have the knowledge and skills needed to treat sleep problems and improve sleep and mood outcomes in individuals experiencing mental health disorders.",no
APP2043220,"About 1 in 2 Australians will be diagnosed with cancer in their life, and about half of these will experience poor sleep. Poor sleep hurts their quality of life and costs the Australian economy. We have treatments, but they are costly and not available to most people with cancer. I will lead a program to work with the community, healthcare, and researchers to build and test treatments for sleep after cancer that can be delivered across Australia at low cost. ",no
APP2044756,"Recent research shows COVID can cause ‚ÄòLong COVID‚Äô where symptoms can last over 3 months after COVID. Other viruses have been associated with diseases like multiple sclerosis, lupus and Myalgic Encephalomyelitis chronic fatigue syndrome. Although we know that viruses can cause these diseases, how this happens is still unclear, hindering treatment development. We aim to find markers for these diseases and test potential treatments, while building workforce skills to improved health outcomes.",no
APP2048447,"People with binge eating disorder often have trouble sleeping, but it's not clear how the two are connected. This project uses a rat model to explore whether poor sleep increases the urge to binge eat. It also tests whether improving sleep‚Äîby using a medication that is already approved for other conditions‚Äîcan help reduce binge eating. The goal is to determine if treating sleep problems could be a new way to support people with binge eating disorder.",no
APP2050015,"People with cochlear implants to restore their hearing need life-long review to keep their hearing devices tuned up. Hear Alert will deliver the technology required for identifying when clinic visits are necessary, enabling on-demand rather than scheduled review. This will avoid low-value clinic visits, saving time and money for the individual and health system. Hear Alert will free capacity in clinics for industry growth and increase user autonomy.",no
APP2050487,"Chronic pain is extremely difficult to treat, particularly that which originates from a damaged nerve. One roadblock in developing more effective treatments is our limited understanding of the pathophysiology. We will combine both animal and human studies and use a wide range of tools to look at the brain, nerves, behaviour, sleep, and more. The goal is to find patterns and changes that are the same in both animals and people, which can help guide the development of new treatments.",no
DE200101479,"The Sounds of Time. In our age of rapid technological acceleration, understanding how time shapes social life and cultural production is an urgent task. This project aims to write an important new chapter in time‚Äôs history from the origins of the mechanical musical clock in fourteenth-century Europe to the spread of European time across the world by missionaries in the sixteenth century. Traversing histories of science, religion, and time, the project expects to be the first sonic history of time, and to develop innovative transdisciplinary approaches to the global history of material culture. It aims to benefit Australian culture by providing a richer history of the origins of time measurement, opening up alternative visions of how we might live in time now.",no
DE220100823,"Elucidating ATPase function during NLRP3 inflammasome assembly. Humans and animals are constantly exposed to microbes, which inhabit their external environment as well as body surfaces such as the skin and gut. We are, however, able to co-exist with these microbes, because our immune system protects us from these everyday encounters. This proposal will reveal how an important immune protein called NLRP3 senses microbes and other physiological processes. When NLRP3 senses such factors and is activated, it induces the release of messenger substances to alert other immune cells. This research will deliver fundamental knowledge of how animals normally co-exist with microbes.",no
DE220101087,"Impact of shift work on emergency performance, decision making and stress. Sleep and circadian disruptions due to shift work are common for emergency personnel, but their impact on team performance and decision making is poorly understood. Using an ecologically relevant simulated work environment, this project aims to examine how shift work influences work performance and team decision making and identify potential stress-related mechanisms that may underpin impairments in these outcomes. By understanding the role poor sleep and circadian misalignment due to shift work play on work performance, this project will inform industry practices and training approaches designed to optimise workplace safety and emergency performance. This project will benefit emergency personnel and the people who depend on these services.",no
DE220101508,"A Brain-Behaviour Model of Decision-Making Under Distraction. People make thousands of decisions each day, such as judging whether it is safe to cross the street at a busy intersection. This project aims to investigate how decision-making is impacted when a person is temporarily distracted, for example when receiving a text message alert from one‚Äôs phone. By combining recordings of brain activity with cutting-edge mathematical modelling techniques, this project expects to develop a novel theoretical framework that captures the effects of distraction on brain networks that underpin human decision-making performance. This knowledge should be highly beneficial for developing informed policies that reduce effects of distraction and preserve decision-making capacity in safety critical situations.",no
DE230100687,"Child sleep development in the context of family work lives. Sleep in early childhood is the single most critical activity for healthy brain development. Yet, a third of young children are identified by their parents as having a sleep problem. This study aims to test the hypothesis that social mechanisms underpin developing sleep patterns and problems. The study examines the change in sleep patterns as children enter non-parental care and the daily and weekly regularity of sleep as they transition between home and their diverse care arrangements. Discovery of the ways family work lives influence child sleep presents the potential to offer new solutions to support healthy sleep development and avert sleep problems. The benefits are for caregivers, family well-being, and children‚Äôs development.",no
DE230100889,"Do predators shape the sleep of their prey? This project aims to investigate how sleep is affected by fear/stress by studying invasive and native rat species, historically exposed to different predation pressures.
It expects to generate new knowledge in biological and health sciences, also helping controlling pests.
This unprecedented approach to studying sleep will provide key insights on the environmental and genetic determinants of sleep, allowing us to better understand sleep, its expression and flexibility, and response to stress.
More than providing fundamental answers on the evolution of sleep, this project will provide significant benefits such as new perspectives on invasive species management, and may also reveal new targets for treatments to stress related sleep disorders.",no
DE230100992,"A novel epigenetic clock tool to conserve Australia‚Äôs threatened seabirds. The aim is to develop a novel epigenetic technique for the demographic assessment of long-lived seabirds, including albatrosses and petrels, for application to the conservation of 11 threatened species breeding across Australia. A major innovation will be an affordable and fieldwork-friendly technique to demographically fingerprint any population, ending the large amount of guesswork currently necessary in management. The outcome is expected to enable (i) scientists and wildlife managers to impute the impact of threats and management activities on seabird populations, allowing quantitative scenario modelling, and (ii) stakeholders to analyse numerous threats and optimise management responses to these through research-based decision-making.",no
DE230101174,"Harnessing life-course transitions to optimise time-use behaviour habits. At every stage of life, how we use our time is one of the greatest determinants of our happiness, productivity, social wellbeing and quality of life. Time-use habits, for better or worse, are entrenched in daily routines that are difficult to break. This project aims to use existing population datasets to identify when during their life people are most likely to change their time-use habits, and to describe who may be at greatest risk of making unfavourable changes (e.g., replacing physical activity with sedentary time, not getting enough sleep). Expected outcomes include new analytical methods to understand time-use routines and new knowledge to inform future time-use improvement strategies to enable Australians to live their best life.",no
DE250100168,"Housing and neighbourhood determinants of inadequate sleep. This project aims to address a gap in scientific knowledge about the ways housing and neighbourhood factors contribute to inadequate sleep‚Äìa problem affecting ~40% of Australians, causing significant economic burden through lost productivity and wellbeing. This interdisciplinary project will develop rich conceptual models of the determinants of sleep, and leverage existing data to generate new evidence to advance our understanding of how residential contexts affect sleep and inequalities in sleep. Expected outcomes include a new conceptual model, and enhanced capacity and networks to drive future research in this emerging field. The evidence produced should inform practical change to reduce societal and individual costs of inadequate sleep.",no
DE250100822,"Where, when and how do birds sleep in the city? This project aims to investigate changes to avian sleep in response to urbanisation. Using state-of-the-art monitoring techniques, the project expects to identify environmental conditions that are necessary for sufficient sleep in native birds. By combining field research, experimental studies and broader comparisons across species, the project will determine the capacity of different populations and species to tolerate or adapt their sleep to changing environments. The results will address a gap in our understanding of animal behaviour in cities, allowing us to identify vulnerable populations and species, develop new strategies for pest management, and work with governments and communities to inform habitat management and urban planning.",no
DE250101060,"At the intersection: Sleep disorders, shift work and young driver safety. Young workers are highly vulnerable to road safety accidents and fatalities. 

Two key factors that likely contribute to accidents are high prevalence in young drivers of shift work (>25%) and sleep disorders (>20%). This combined burden is rarely considered and represents a blind spot in understanding of young driver safety risks.

This project will investigate the interplay between transition to shift work, sleep disorders and road safety for young drivers. Through this, I will provide a clearer understanding of decisions to drive drowsy, relationships with road safety incidents and protective factors to target. I will design interventions to help reduce the $147M of social costs attributable to drowsy driving fatalities in young drivers ",no
DE250101070,"Understanding Light, Technology, and Environments of Children. Light (both natural and artificial) is vital. The timing, colour (spectra), and intensity of light exposure has a profound impact on our sleep and wake cycles, alertness, and mood. However, our light environments have changed rapidly with advances in technology and urbanisation. The effect of these changes on children's sleep, cognitive function, and wellbeing is unclear. This study aims to objectively map the artificial and environmental light experienced by children, 5 - 8 years, against their sleep, cognitive function, and wellbeing. This innovative quantification, via novel wearable technology, will advance knowledge to support optimal child development and guide practice and policy around children‚Äôs light exposure and environments.",no
DE250101169,"Improving shiftworkers sleep and physical activity using machine learning. This project aims to develop a smartphone-enabled digital assistant to optimise sleep and physical activity for Australians working non-standard hours, resulting in critical benefits for workplace productivity and safety. By harnessing advanced machine learning techniques and integrating wearable technology, this project aims to cater specifically to the unpredictable and variable hours of shiftworkers, on-call workers, and gig workers - something current tools do not. The expected outcome is a scalable digital assistant that provides personalised sleep and physical activity advice based on individual work patterns. This project is designed to provide new knowledge on personalised behavioural interventions using machine learning.",no
DE260100081,"Understanding the impact of on-call work on sleep, fatigue, and safety. On-call workers respond to emergencies, maintain critical infrastructure, and keep vital operations running in sectors such as utilities, healthcare, and aviation. But on-call work comes at a cost ‚Äî the annual financial impact of fatigue-related injuries and fatalities in Australian on-call workers is >$2.25 billion. Surprisingly, we have minimal evidence about how the overnight wakings that characterise most on-call schedules impact sleep, fatigue, and safety. This project aims to investigate the acute effects of repeated overnight calls on sleep, fatigue, and safety risk. Findings will advance knowledge on the effects of on-call work, strengthen fatigue management guidance materials, and improve safety for on-call workers and communities.",no
DE260100214,"From Pixels to Pillows: Optimising Screen Use for Healthier Sleep. With increasing screen use at ever-younger ages, parents face pressing challenges in promoting healthy sleep, yet existing screen time advice misaligns with modern realities. This project aims to investigate how screen use can coexist with healthy sleep in pre-schoolers. Through multidimensional profiling, novel analytics, and mixed methods, it will generate essential evidence to inform practical solutions. Expected outcomes include a novel sleep profile scoring system, identification of screen use profiles that support healthier sleep, and a deeper understanding of how parenting shapes both behaviours. This will pave the way for digital-age strategies, empowering parents to help children achieve the healthy sleep they need to thrive.",no
DE260100243,"Lifestyle, Decision-Making & Behaviour: Econometric analysis & experiments. This project investigates how lifestyle and environmental factors‚Äîsuch as sleep, diet, exercise, and temperature‚Äîaffect cognitive performance and decision-making. Using biometric data from WHOOP's wearable fitness devices and millions of chess decisions from Chess.com, it will generate new causal evidence on optimising mental performance. The project applies machine-learning econometrics with large-scale experiments to identify strategies that improve decision-making. Expected outcomes include new insights into cognitive resilience and personalised interventions for peak mental performance. This should provide significant benefits such as policy recommendations for optimising workplace productivity and performance in high-stake professions.",no
DP200100150,"Violation of fundamental symmetries in atomic phenomena. Violation of the fundamental symmetries is predicted by unification theories of elementary particles. The aim of this project is to propose new enhanced effects of parity, time reversal and Lorentz invariance violations and perform their calculations needed to test unification theories in atomic and nuclear phenomena.  By-products of this project include development of high precision computer codes for atomic calculations and theory of processes involving atoms and nuclei in chaotic excited states. These codes and theory are expected to have numerous applications (e.g. search for Dark Matter and atomic spectra of superheavy elements, atomic clocks and electron and photon processes).
",no
DP200100435,"Sarcoplasmic reticulum-mitochondrial functional interactions in muscle. Muscle in the body of animals and human has the ability to adapt to stress placed on it, to improve performance. This allows new physical tasks that have been unfamiliar to become easier. One form of stress on the muscle is the demand to work longer without fatigue. This can be important for animal survival or athletes training for sport. A single session of intense muscle contractions can lead to the muscle increasing its capacity for endurance within 24 hrs. This project aims to examine this phenomenon in animals and human to decipher the mechanism involved in the beneficial muscle changes experienced in such a brief time. It will provide benefits such as the potential to manipulate human muscle condition and animal muscle (meat) quality.",no
DP200101830,"Can exercise slow down the epigenetic ageing clock? The aged population accounts for a significant amount of Australia‚Äôs health budget. This project aims to uncover novel molecular biomarkers that slow the ageing process and maintain good health for longer. This project aims to use innovative epigenetic analysis to study the molecular ‚Äòclocks‚Äô of young and old populations and to test whether exercise can slow the ageing process. This is expected to lead to a better understanding of how humans respond to changing environments during their lifetime, and will underpin the development of evidence-based personalised health interventions to keep Australians healthier for longer.

",no
DP200102008,"Identifying optimal daily levels of movement behaviours in early childhood. This project aims to discover how much physical activity, sedentary behaviour and sleep young children need each day to best support their development. Through the creation of an international database and the application of innovative analytics, the project seeks to determine the optimal daily balance of these behaviours that results in the best developmental outcomes for young children. The project is expected to inform national movement behaviour guidelines. The expected benefit for parents and professionals is improved confidence in supporting children‚Äôs physical activity, sedentary behaviour and sleep. The expected benefit for children is positive development, given the broad impacts of these behaviours on health and well-being.",no
DP200102300,"Theory and methods for evaluation of microstructural fatigue damage. The microstructural damage accumulation stage often consumes a significant portion of the total fatigue life of structures. However, its progressive evaluation is beyond the reach of safety inspection techniques which are currently employed to maintain structural integrity and prevent fatigue failures. This project aims to fill this gap by developing innovative methods for the measurement of material properties related to fatigue damage and establishing a new theory which links these properties to the remaining life of the structure. The project outcomes will facilitate the global trend towards predictive maintenance strategies, thereby generating substantial cost benefits, specifically, for high-value assets and ageing infrastructure.",no
DP200102880,"Can parasites cause host population divergence? . Parasites have been proposed to be drivers of population divergence, and ultimately speciation, yet the dynamics of this process are not well understood. This project will utilise new genomic techniques, novel hybrid zone analyses, and data on mate choice, to investigate the hypothesis that parasites drive population divergence through an interaction with immune response genes in the sleepy lizard Tiliqua rugosa. This species provides an unprecedented system, backed by 37 years of long term host-parasite and behavioural data, and recent genetic analyses. This project intends to produce significant data to allow an examination of the early stages of host-parasite evolution in action, providing novel insights into the speciation process. ",no
DP200103272,"The impact of light intensity during night shifts on circadian adaptation. Each year, the sleep loss and body clock disruption caused by night work cost the Australian economy $2‚Äì3 billion in lost productivity, impaired well-being, and poor health. Current regulations limit sequences of night shifts to a maximum of four in a row. However, recent research suggests that this blanket limit may be a well-intentioned, but ill-informed, policy. As a result, we may be inadvertently increasing, rather than reducing, work-related fatigue. This project will determine whether longer sequences of night shifts may reduce sleep loss and body clock disruption in some workplaces. The project will provide the evidence base for a more nuanced approach to fatigue regulation and a safer workplace for Australian shiftworkers. ",no
DP210100313,"Quantitative psychological theories for a dynamic world. . The dynamic world around us means we need to constantly adjust our decisions in light of ever-changing influences, both external (weather, traffic ...) and internal (fatigue, learning ...). This project aims to understand how these changes affect performance. This will have significance for basic science, and also practical benefits for applied psychology. This project will examine the dynamic nature of psychological processes in a range of settings: simple decisions, consumer decisions, human-machine interactions, and team performance. Theory development will lead to improved understanding of underlying cognitive processes, and transforms the measurement of decisions, which is important for applied psychological investigations. ",no
DP210101249,Characterisation and Prevention of Vibration-Induced Drowsiness in Drivers. The present CIs have demonstrated that vibrational frequencies of 4-7 Hz entrain brainwaves associated with the onset of sleep. Our unpublished pilot data show that higher vibrational frequencies can restore alertness. Thus future vehicle design could dampen 3-8Hz vibrations while higher frequency vibrations could counteract drowsiness or stimulate alertness. This project aims to: i) develop novel equivalent drowsiness contours for the effects of physical vibration on driver drowsiness that will form the basis of a new industry standard for transportation safety; ii) develop an innovative vibration regime to improve alertness. This research will reduce transportation injuries and deaths by enabling the design of safer transport vehicles.,no
DP210102595,"A role for sleep in optimising attention. All animal brains are prediction machines, which allows even tiny flies to effectively navigate complex environments. To predict what will happen next is important for guiding attention, but also for detecting anything surprising. This project aims to understand how prediction is optimized by sleep in Drosophila flies. We aim to use electrophysiology and calcium imaging to map visual prediction error signals across the fly brain, and then determine how genetically controlled delivery of sleep regulates the quality and distribution of these signals. This knowledge will benefit our understanding of how brains balance a capacity for prediction versus surprise, by examining how evolution has solved this difficult problem in the smallest brains.",no
DP210102924,"Individualised predictions of circadian timing, sleep, and performance. The body's 24-hour clock regulates when we feel sleepy or alert. In shift workers, disrupted sleep and rhythms leads to fatigue and costly, often deadly, workplace accidents. Existing methods for measuring body clock timing are costly, impractical for operational settings, and do not work in real time. Using a shift-worker population, this project will develop models that accurately predict body timing, sleep/wake patterns, and performance for an individual, requiring only a simple activity/light sensor and an assessment of the body clock's sensitivity to light. The new model would revolutionise fatigue management and make safer work environments for millions of shift workers. ",no
DP210103654,"Force-mediated dynamic chemistry in hydrogels. This project aims to develop a new class of biomimetic material, where applied force modulates the chemistry and mechanics by incorporating mechanochemical responsive linkages in hydrogel networks. This work intends to generate new knowledge in the chemistry and mechanical properties of soft materials using an interdisciplinary approach involving synthesis, computational modelling, and mechanical analysis. Expected outcomes include novel hydrogel materials that are mechanochemically active, tough, and fatigue resistant, along with design criteria for force-activated molecule immobilisation and release expected to provide significant benefit forbiomedical applications, additive  manufacturing, soft robotics and flexible electronics.",no
DP220100985,"Understanding the generation of hypothalamic sleep neurons. This Project aims to investigate the mechanisms controlling the formation of the sleep neurons in the hypothalamus. We all sleep, and normal sleep-wake cycles play a central role in our biology. The functional role of these sleep neurons in the mature brain are well established. However, how the neurons are generated during development is very poorly defined. This project aims to address this critical knowledge gap, and will greatly increase our understanding of how the development of this critical aspect of organismal function is orchestrated during development. This project will also develop bioinformatics tools with broad utility within the biosciences field and enhance the capacity for interdisciplinary international collaborations.",no
DP220101067,"Understanding and improving sustained attention under vigilance conditions. This project aims to address a major global challenge caused by technological advances: human operators have to monitor computer-control (e.g., in autonomous vehicles, rail and airtraffic control) but sustaining attention is very difficult under these conditions. Developing innovative behavioural and neural methods, this internationally collaborative project bridges basic and applied science to understand lapses of attention under monitoring conditions. It creates a novel intervention, based on brain activity patterns, to improve performance. Outcomes will increase our neural understanding of attention and lay a foundation for a novel system to detect lapses of attention in high-risk environments, preventing errors before they occur.",no
DP220101501,"A new class of titanium alloys developed for additive manufacturing. This project aims to develop a new class of (Ti-Cu)-based alloys featuring high strength, high toughness, and high hydrogen-embrittlement resistance specifically for additive manufacturing (AM). This project expects to generate new knowledge of grain refinement and phase transformations in dynamic temperature field of metal AM process and to solve the common weakness ‚Äì strong mechanical anisotropy and poor fatigue life ‚Äì of AM Ti components. The expected outcomes include a whole set of processing maps of AM (Ti-Cu)-based alloys tailored to demanding applications. This should provide significant benefits to aerospace, marine and biomedical industries by delivering better durability, sustainability, and cost-effectiveness.",no
DP220102812,"Circadian photoreceptor sensitivity and impacts of modern lighting on sleep. Light has powerful non-visual effects, including effects on sleep. These non-visual effects are mediated by cells in the eye that are most sensitive to blue light. There are large individual differences in sensitivity to non-visual effects of light that are not understood and that would give great insight into suboptimal sleep, which has become widespread in modern society. This study will be the first systematic examination of individual differences in the effect of blue light on sleep and will uncover how alterations in the gene responsible for the effects of blue light on sleep (OPN4) contribute to these differences. This will lead to scalable individualised solutions to the unmet problem of how modern light environments impact sleep.",no
DP230100002,"Pair bonding: is it all in the brain? This project aims to understand the interaction between classic pair bonding neural circuits, parasites, and the immune system in sleepy lizards. Social bonds are a cornerstone of human societies, especially true of the pair bond and this project expects to generate knowledge to help understand why healthy adult pair bonds are the single best predictor of longevity in humans. The expected outcomes of this project are to reveal the mechanistic basis of pair bonding by identifying the brain regions, cell types and neurochemicals that promote pair bonding behaviour ‚Äî for the first time in a wild animal. This project should provide significant benefits by increasing our knowledge of how pair bonds promote wellness.",no
DP230100731,"Evolution of sensory systems in the dark biosphere. This project utilises a unique Australian model system based on multiple, independently-evolved subterranean water beetles to explore the adaptive and regressive changes in the genome that occur when surface species colonise subterranean habitats. We aim to characterise and investigate the evolution of chemosensory and circadian rhythm genes, which play critical roles in the fitness of animals, including the ability to find food and mates in a dark, thermally stable environment. Knowledge of chemosensory and circadian genetic systems and how they dynamically evolve is fundamental to a variety of fields, including the process of speciation and biological adaptation (for example, to permanent darkness, pollutants and insecticides).",no
DP230101058,"Violation of fundamental symmetries in atoms, molecules and nuclei. This theoretical project aims to predict enhanced effects of parity (P), time reversal (T), CP and Lorentz invariance violation, which may be measured using atomic spectroscopy and nuclear physics methods. This project expects to contribute to search for physics beyond standard model, including standard model extensions predicting axion, dark matter and T,P-violating electric dipole moments. Expected outcomes include predictions  of new enhanced effects in nuclei, atoms and molecules. By-products and benefits include development of high precision computer codes for atomic calculations, which are expected to have numerous applications including photon and electron processes, properties of superheavy elements and atomic clocks.",no
DP230101113,"Biophysics of the brain‚Äôs waste disposal system: Understanding why we sleep. This project aims to develop a new biophysical model of the brain, founded on the recently discovered glymphatic system responsible for waste disposal during sleep. It sets out to formulate, analyse, and validate rigorous new multiscale quantitative modelling ‚Äì to advance the study of sleep and brain clearance dynamics, at timescales from hours to decades. Among expected outcomes are powerful models ready for application at both population and individual level, and testable predictions concerning the sleep patterns that lead to aggregation of waste in the brain and eventual cognitive decline. Project outcomes should also benefit society and the economy though translation into interventions for sleep disturbance ‚Äì in future applied research.",no
DP230102780,"Impact of cognitive task demands on the accumulation/dissipation of fatigue. Fatigue-related errors and accidents that occur at work cost the Australian economy $5.8 billion every year. Regulators and employers use mathematical models in special software to assess the fatigue risk associated with work schedules based on prior wake, time of day and recent sleep. Incredibly though, these models assume that the demands of your job have no influence on your level of fatigue, i.e., they do not differentiate between sitting quietly at work ‚Äì and controlling air traffic, performing surgery or driving a truck. This project will improve the models by assessing how mental task demands affect fatigue. Models that are better able to predict fatigue will improve the health, safety and productivity of the Australian workforce.",no
DP230102856,"Internet Timing for the Ages: Establishing the New Timekeeping System. All computers incorporate a software clock, essential to myriad software applications. An economic way to synchronize such clocks is over a network, however the approach the Internet currently depends upon is unreliable and vulnerable. This project aims to establish a new architecture for networked timekeeping, built on future-proofed fundamentals, that will for the first time address each of accuracy, reliability, and trust. The expected outcome is a national prototype, serving the public with accurate and trusted time, that will form the basis of the next generation timekeeping system for the Internet and the Internet of Things. Expected benefits include enhanced productivity across the digital economy, and resilience to GPS failures.",no
DP230103229,"About time; a new biology for the mineralocorticoid receptor . Temporal control of cell function aligns biological pathways with environmental cues and is critical for optimal heath in mammals. This project will shed light on how a hormone receptor, the MR, modulates time keeping of biological clock time  in cells. We will bring together cutting edge genetic modals and bioinformatic approaches with a unique set of research models to define the interaction between the MR and the circadian clock and its role in the normal biology of the heart. New data will significantly enhance our understanding of the biology of MR and cortisol for the circadian time keeping function in peripheral tissues, and gain a clearer understand how our heart cells adapt to environmental circadian disruptors such as shift work. ",no
DP240101109,"The impact of circadian and sleep factors on neurodevelopment. This project aims to longitudinally examine the contributions of multiple circadian and sleep factors on the development of the teen brain. Adolescence is associated with a change in the internal body clock, leading to later bed and wake times and loss of sleep. It is also a time when the teenage brain is rapidly maturing to support learning. Despite the known importance of sleep in adolescence we know little about how the circadian clock and sleep impacts the developing brain. Our project expects to advance understanding of the importance of sleep and circadian timing for healthy brain and cognitive development. This knowledge will inform policy and prevention/intervention programs to benefit individuals, parents and the community.",no
DP240101441,"Shedding Light on the Proton Radius Puzzle with Ultracold Helium. This project aims to shed light on an outstanding discrepancy in physics known as the proton radius puzzle, first seen in hydrogen but now being studied in helium. Capitalising on existing international collaboration between experiment and theory to exploit the advantages of ultracold helium, this project aims to determine the isotopic nuclear charge radius difference with unprecedented precision, using our state-of-the-art quantum electrodynamic theory. This will not only answer fundamental questions about helium atomic structure, but may also reveal new physics beyond the current Standard Model.  The validation of atomic structure theory should provide benefits in applications including the realisation of more accurate atomic clocks.",no
DP240101449,"Predictive Biomechanics for Modelling Gait Stability and Falls Prediction. Efficient, adaptive locomotion is critical to our independence, but it is adversely affected by neuromuscular disorders due to trauma, ageing and other impairments that increase the risk of balance loss and falling. This project investigates the extraordinary possibilities of advancing from the traditional laboratory-based, retrospective, gait research paradigm, to real-world gait monitoring using predictive biomechanics. By employing artificial intelligence, wearable sensors' data will predict balance loss and alert the user. The outcome will be fundamental knowledge for developing wearable systems to reduce the catastrophic impact of falls, with public health cost savings and improved quality of life for people with restricted mobility.",no
DP240102329,"EEG Based Global Network Models and Platform for Brain States Assessment. This project aims to generate new knowledge and tools in global brain network modelling and deep learning technology. It addresses the significant issues in higher brain function state assessment using brain signal EEG. The project applies global brain networks to model brain dynamical activities as a whole, and assesses higher brain functions such as consciousness, fatigue, sleep, stress and depression, and their step by step evolution in real-time using innovative deep learning approaches. The expected outcomes are optimised brain network models and a platform technology. The intended results can be applied to greatly improve the sleep quality and productivity of general community, and the safety of workplace and transportation.",no
DP240102385,"Quiet sleep is for repair, active sleep is for learning. Sleep is thought to achieve many different functions, from brain waste clearance to regulating emotions and perception. Understanding sleep functions in animal models has been difficult because sleep has been typically reduced to a single state. Our discovery of distinct sleep stages in the fruit fly provides a powerful way to study how different conserved sleep functions are regulated. This project will use new strategies for manipulating sleep stages in flies to understand their respective physiology and functions. We will test our hypothesis that different categories of sleep functions have been segregated by evolution into different stages: a quiet stage concerned primarily with brain repair and an active stage important for learning.
",no
DP240102680,"The Dreamscape Project: Phenomenology and neurophysiology of dreams. The Dreamscape Project aims to discover the neural basis of dreaming. Building on the world‚Äôs largest database of sleep electroencephalograms (EEG) and associated dream reports, the project applies cutting-edge analyses of neural activity to resolve why each night, healthy adults alternate between unconscious sleep and vivid dreams. The results promise to shed light on the mystery of dreaming and help locate consciousness in the physical world. Expected outcomes include best-practice guidelines for dream research and a model of open data-sharing for consciousness science. Anticipated benefits include deeper understanding of how and why everyone dreams, the role of dreams in waking life, and their impact on sleep quality and well-being.",no
DP240102899,"Understanding multiday cycles underpinning human physiology. We recently discovered long-term rhythms modulating activities of our brains and hearts ranging in duration from 3-60 days. The cause of these longer, ‚Äòmultiday cycles‚Äô remain unknown. This project aims to understand; causes of multiday cycles (measuring the nervous and autonomic nervous system), their effects (on cognition, sleep, and stress), and quantify the relationship between coupled cyclical systems. The research outcomes can provide fundamental new knowledge about cyclic dynamics governing human physiology, leading to improved rigour in life sciences research. Commercial outcomes include technology to optimise individual productivity, learning, health, and wellbeing based on physiological cycles, with diverse benefits to society.",no
DP240103201,"Fatigue Life Assessment of Structures under Realistic Loading Conditions. The project will develop a new methodology for the assessment of fatigue life of structures subjected to realistic loading conditions. This new methodology is based on recent advances in experimental techniques which make possible, for the first time, the investigation of the crack opening/closure mechanisms and the crack driving force for large numbers of fatigue cycles (>1 million) of variable amplitude, representative of real-world applications. The project will expand Australia‚Äôs knowledge base and research capabilities in structural life prognosis. It will increase the competitiveness of domestic products and industries, fostering international collaborations and leadership of Australia in this strategically important area of research.",no
DP250100553,"Targeting the circadian clock to improve grain quality in wheat. This project aims to establish a novel approach to improve protein content of wheat grain without loss of yield in Australian conditions. The project expects to build a mechanistic understanding of how the circadian clock, which controls daily and seasonal rhythms, adjusts the timing of leaf senescence and affects grain nutrient content in wheat. Expected outcomes include an expanded view of the extent and influence of circadian clock variation within Australian wheat cultivars and deeper functional knowledge of circadian clocks in a cereal crop. This would provide significant benefits for breeders, growers and consumers because protein content determines the economic value of grain and end-use characteristics of flour.",no
DP250100603,"Night Vision in the Late Ancient Mediterranean. Night Vision aims to create a new history of wakeful nighttime activities in the late ancient world by combining study of material remains (e.g. lighting and timekeeping technologies) with literary descriptions of what humans do at night. Grounded in our night studies network, the project will generate new knowledge of late ancient culture, illuminating overlooked people and experiences with the new analytical category of ‚Äúnight vision‚Äù. Expected outcomes include scholarly publications and a robust agenda of co-designed outreach with museums and observatories. This should provide significant benefit by consolidating historical night studies in the Australian academy and enriching the cultural knowledge of night for the Australian community.",no
DP250100937,"Rest and readiness: what is the optimal nap length during night shifts? This project aims to investigate the duration of on-shift naps during night shifts for safety and productivity. On-shift naps boost performance and safety at night, but taking a nap removes the worker from the job, and temporary performance impairments upon waking from naps may mean additional downtime. By employing a rigorous sleep laboratory protocol, this project will determine the best nap length for safety and productivity ‚Äì something we cannot determine from current evidence. The expected outcome is to establish evidence-based guidelines for on-shift napping, aiming to improve workplace productivity and safety with minimal disruption to operational efficiency.",no
DP250102207,"Substrate limits protease activity: Molecular clock for signal inhibition. Proteases act as sharp scissors to modulate molecular processes. Importantly, it is crucial for proteases to be strictly regulated to avoid unwilling proteolysis. This proposal investigates a molecular clock to turn off protease activity. This proposal seeks to reveal how substrate availability acts as a signal inhibition to control the magnitude of proteolysis. Expected outcomes include new insights into regulating protease activity and how their own substrates control the duration and magnitude of proteolysis. Project benefits include a fundamental understanding of how proteolytic processes are strictly regulated and shut down to control the amplification of molecular signals.",no
DP250102224,"Neural mechanisms driving dynamic responses to fatigue. Fatigue is pervasive, yet individuals vary widely in their response to it ‚Äì some people are able to continue investing effort in spite of their fatigue, whereas others choose to rest. The neurobiological principles that govern when and why people decide to work versus rest remain poorly understood. This research will combine a novel behavioural paradigm with computational models of behaviour, pharmacological manipulations, functional neuroimaging and non-invasive brain stimulation to understand how we dynamically adapt our behaviour in response to the ebbs and flows of fatigue. Ultimately, this project will lead to a comprehensive neurobiological framework that is able to explain, predict and optimise behaviour as fatigue evolves over time.",no
DP250103360,"The biological drivers of evolutionary rate variation. Phylogenomic data provide valuable opportunities for studying evolutionary rates and timescales. These analyses require theoretical and statistical tools based on molecular clocks. This project will use recently developed frameworks for exploring and testing evolutionary rate signals in phylogenomic data. This information will be used to test for drivers of evolutionary rate variation at the genome scale, using whole genome sequences from birds, ruminants, and other organisms. The project has strong potential to provide valuable insights into the biological factors that govern molecular evolution at the genome scale. ",no
DP250104642,"Forging the new Australian Dream in a Post-homeownership nation . As we navigate the 21st Century as a ‚Äòpost-homeownership nation, this Project will chart the pathways, actions and actors required to transition to a new and ‚Äòfit for purpose‚Äô Australian Housing Dream. It will use international comparative, quantitative and qualitative analyses to provide new insights, and provide a roadmap that will support Australia to provide current and future generations with good housing outcomes ‚Äì with or without the home ownership.",no
DP250104922,"Impact of Delayed Sleep Phase on Fear Extinction Circuitry in Adolescence. Sleep onset is progressively delayed from puberty and this sleep phase delay peaks in late adolescence, a developmental stage characterised by marked disturbances in sleep and the emergence of mental health problems. Light exposure is critical for synchronising sleep and the internal ‚Äòbody clock‚Äô, but developmental changes and night-time light exposure in late adolescence delay sleep timing, leading to impaired sleep and emotion regulation. Despite these associations, the human brain circuitry underlying sleep phase delay, light responses, and fear processes is relatively unknown. This advanced imaging project will provide the first insights into the impact of sleep and circadian (‚Äòbody clock‚Äô) factors on fear processes in late adolescence.",yes
DP250105063,"The brain-immune interface: implications for sleep and mood . The blood brain barrier ensures homeostatic regulation of ions, molecules and immune cells between blood and brain that is necessary for healthy brains. Our recent unpublished work shows that one brain region of interest‚Äîthe pineal gland‚Äî appears to be a master regulator of the brain's immune response. Not only do microglia undergo instantaneous morphological changes and increase in number in this structure following an immune challenge, circulating immune cells use it as a gateway into the brain. The current project will interrogate this interface between blood and brain as it provides a unique insight into diverse brain functions, such as sleep and mood.",no
DP260103016,"A Cultural History of Workplace Fatigue . This project aims to investigate how the historical and cultural construction of workplace fatigue shapes the design and implementation of fatigue management technologies in an age of AI. Through historical research, stakeholder consultation, and focus-group studies, it will analyse and evaluate the impact of automated fatigue management technologies on diverse users. Expected outcomes include better understanding of end user experiences, recommendations for more equitable fatigue management, and co-developed models for product design that mitigate the risk of automated discrimination. Benefits include improved workplace health outcomes, enhanced diversity-informed technology design, and international academic and industry collaboration.",yes
DP260103461,"Sleep-printing: unique sleep traits for predicting memory consolidation. This project aims to develop new analysis methods via advances in brain monitoring to study and understand the variability in sleep and memory. By exploiting the wealth of information contained in mapping the brain‚Äôs activity patterns, this project expects to develop innovative 'fingerprints' of sleep that characterise memory performance. Expected outcomes include reliable and robust predictors of memory capability, novel naturalistic imaging techniques for studying human memory, and providing clearer understanding of the relationship between sleep and memory. This will provide significant benefits, such as the identification of sleep targets for optimising memory performance and mapping trajectories of normative memory ageing processes.",yes
DP260103949,"The brain has a bin; how is it emptied? Is it not clear how metabolic waste is cleared from the brain. We propose that it occurs most actively during wakefulness rather than sleep, challenging the current model. The study aims to address knowledge gaps in the current glymphatic clearance model using innovative techniques to understand brain metabolism homeostasis and optimal function. The project will determine rates of waste efflux in the brains of mice in wakefulness and sleep, determine the role of arteries and veins in the clearance system, and explore the cellular mechanisms by which metabolites are cleared through water channels. The findings could also offer insights into maintaining cognitive health and new avenues for mitigating age-related neurodegenerative diseases. ",yes
DP260104498,"Lighting the Path to Recovery: Addressing Delirium Risks in ICU Design. Access to circadian lighting significantly improves quality of life, particularly for critically ill patients in ICUs, who often experience disrupted circadian rhythms and sleep deprivation, increasing their risk of delirium. Current ICU lighting often fails to meet melanopic equivalent daylight illumination (m-EDI) thresholds needed to promote circadian entrainment. This project addresses these gaps by engineering dynamic lighting solutions tailored to critically ill patients‚Äô needs for sleep, and recovery. By establishing patient-centered, evidence-based m-EDI recommendations and evaluating energy-efficient, tunable lighting systems, the research aims to enhance ICU luminous environment, fostering better sleep to reduce delirium risks.",yes
FT200100844,"Emergent many-body phenomena in engineered quantum optical systems. In recent years, scientists have realised unprecedented control over light-matter interaction. Single particle dynamics in engineered systems are now well understood, but when scaled up, the many-body behaviour remains unexplored. This project will significantly advance our understanding of new emergent quantum phenomena arising from engineered interactions between many particles. These phenomena are qualitatively new behaviour that cannot be explained as an extension of single-particle behaviour. The chief aim is to unravel the quantum dynamics of these systems. The project is expected to assist in producing new quantum technologies such as sources and detectors of quantum light and new atomic clocks.
",no
FT210100675,"Gravity effects in quantum clocks and sensors: foundations and applications. Time is among the most precisely measurable quantities in physics, yet it is also the least understood concept in physics. This project aims to develop a mathematical framework describing measurements of time with high-precision clocks sensitive to both quantum and gravitational effects. The project expects to deliver new knowledge in the foundations of quantum physics by describing new gravitational effects in quantum systems. Expected outcomes include enhanced understanding of time in quantum theory and strategies for harnessing gravitational effects in high-precision clocks, bringing cultural benefits to society and paving the way towards improved quantum technologies that are expected to bring economic benefits in the next two decades. ",no
FT220100253,"Detecting and tracking alertness using speech biometrics. Traditional tests for detecting and tracking alertness are limited by their accuracy and inability to be administered without stopping work. This project aims to investigate how speech can be used to monitor changes in performance resulting from sleep deprivation and successive night shifts. The expected outcomes are 1) new knowledge on how sensitive speech and language features are for detecting change in alertness, and 2) development and verification of a highly accurate, cost-effective, speech focussed assay capable of detecting impaired alertness from otherwise healthy individuals. The project should benefit the way fitness for duty is tested and provide new methods for safeguarding Australians working in at-risk environments.",yes
FT220100359,"A Dual-species Ion Trap with Precision Optical Clocks. This project will enable new technological capabilities to overcome challenges in scaling up quantum computation and advancing quantum clocks. It will develop a versatile dual-species atomic instrumentation paired with precision laser systems. This advanced technological platform will be augmented by an extensive toolbox of quantum control engineering protocols to perform error-robust quantum operations for fault-tolerant quantum computation and high-precision spectroscopy. The expected outcomes will also benefit other disciplines: advanced quantum simulations for chemical dynamics, precision spectroscopy for astronomy, next-generation lasers, tests of fundamental physics, and quantum-enhanced positioning, navigation, and timing. ",no
FT230100235,"Neurobiological mechanisms of the interaction between pain and sleep. The project aims to reveal the brain mechanisms behind the interaction between such fundamental biological phenomena as sleep and pain. This highly interdisciplinary project expects to deliver significant insights into how poor sleep changes the brain to increase pain sensitivity in healthy adults, by combining novel lab-based mechanistic sleep and pain manipulations and naturalistic longitudinal observation. The rich multimodal dataset generated by the project will be made publicly available to enhance research transparency and international collaboration. This should provide significant benefits, ultimately opening up ways to improve quality of life and wellbeing of the Australian population. 
",yes
FT240100418,"Unravelling a rainbow: Complex systems methods to transform sleep research. This project aims to develop practical new analytic tools based on complex systems theory and time-series analysis to better characterize and track sleep from large time-series recordings. The project expects to establish the analytical foundation of representing sleep as a quantifiable dynamical process and use it to better understand how sleep varies across individuals and aging, and how it underpins learning and memory consolidation. Expected outcomes include methods and software to detect new types of interpretable structure from complex time-series datasets, and new understanding of sleep function. This should provide significant benefits for diverse data-intensive time-series applications and for how we measure and understand sleep.",yes
FT240100815,"A new paradigm for tracking the circadian clock. The circadian clock controls biological processes in every tissue. There are large differences between people in circadian timing, yet we lack accurate and simple methods for measuring circadian timing. This project aims to (i) create a novel physiologically based model of the human circadian system and (ii) create and evaluate methods that enable rapid individualisation of the model. Expected outcomes for this project include accurate estimation of a person‚Äôs circadian timing from easily collected wearable data. This will generate significant benefits, including individually tailored countermeasures for mistimed circadian rhythms to improve sleep, workplace performance, and to treat diseases that involve mistimed circadian rhythms.",yes
FT250100168,"Towards an Australian Solid State Nuclear Clock. This project aims to investigate and develop materials, techniques required for construction of a solid-state nuclear isomer transition clock together with emergent applications. These next generation advanced clocks, gained a lot of attention after 2023, promise to surpass all existing atomic systems in precision in a more reliable package. Leveraging international collaborations, it will provide a foundation for both a practical device and fundamental knowledge of an engineered nuclear quantum system. This projects will advance Australia‚Äôs position in time keeping, the backbone of modern communication, commerce, defence systems, metrology and fundamental science providing nation resilience to interactions in access to stable time scales. ",no
IE240100056,"Quantum clock for assured global navigation: Global Positioning System 2.0 . This project aims to develop a new high-performance atomic clock suited for operation on a satellite as part of a next generation Global Positioning System. With industry partner QuantX Labs, this project will design and deliver a high-performance clock with low size, weight and power consumption. Expected outcomes include a next-generation clock with 10 times improved performance when compared with current commercial clocks and reduced vulnerability to intentional disruption of next-generation satellite navigation signals. This will provide significant benefits through building sovereign capacity and providing a future of assured position, navigation, timing and robust satellite navigation service for all.",no
IE240100162,"Innovative sleep and circadian technology to optimise athletic performance . Sleep is the greatest natural performance enhancer we have, and yet improving sleep remains a national priority. This project aims to develop, implement and validate a set of personalised sleep recommendations to optimise wellbeing and performance, and integrate it into a practical, scalable digital solution. With an initial focus on female athletes, this project will use innovative science and technology to develop new intellectual property that can improve sleep and performance, highlighted as a critical need in the Government‚Äôs National Plan ‚ÄòSport 2030‚Äô. The expected outcomes will provide a direct benefit to elite, sub-elite and community sports organisations, as well as society at large through increasing productivity and performance.",yes
IE240100282,"Optimal circadian timing: Wearable light device and customised technology. Maintaining circadian rhythms is vital for optimal sleep, alertness, safety, and performance but circadian misalignment is very common. This project aims to address the key impairments associated with circadian misalignment by advancing the tailored delivery of bright light administration. The project will deliver a novel Australian-industry-pioneered wearable device and accompanying technology to provide automated, interactive, customised, best-evidence based light therapy to retime the body-clock. This combination of a wearable device and customised technology does not yet exist in Australia or globally. The project benefits include excelerating existing knowledge and application of lighting strategies for effective circadian retiming.",yes
IM230100702,"Optimising sleep, alertness and safety in shift work industries. This project aims to address the impaired alertness, and high risk of workplace errors and accidents that are associated with sleep loss and circadian misalignment during shift work. The project will deliver an innovative industry-driven digital technology to provide automated, customised sleep management strategies to shift workers, and will develop a framework for effective wide-scale deployment of the technology within Australian shift working organisations. The project will close the gap in resources currently available to support sleep in shift workers and will reduce the significant burdens of shift work for alertness, productivity and safety.",yes
LP190101283,"Ship response under corrosion, fatigue and complex sea-state environments. This project will improve understanding of the gradual deterioration of ships and maritime structures subject to metal corrosion, fatigue and extreme sea-state conditions. Increasingly such understanding is necessary for optimal asset management decisions. These include the potential economic, personnel and other risks involved for ship owners and operators, including the Royal Australian Navy (RAN). The project will use numerical simulation. It will tackle the Fluid-Structure Interaction problem of ships in waves by integrating Finite Element structural response analysis with cutting-edge Smoothed Particle Hydrodynamics methods. The outcomes will provide new insight into remaining asset life and for exploring optimal maintenance strategies",no
LP200100110,"Damage Tolerance Approach in Designing and Maintaining Truck Trailers. This project aims to develop a damage tolerance approach in designing and maintaining truck trailers. Combined with field test and computational simulation, machine learning will be used to generate loading spectrums. Following the damage tolerance philosophy, a mature approach in aerospace industry, the fatigue crack growth and the fatigue life will be predicted. In addition, structural optimisation will be applied in trailer design. This project expects to revolutionize the design and maintenance practices in Australian truck trailer industry. It should provide significant benefits, such as prolonging the life cycle of truck trailers, reducing the tare weight and increasing operating profit, to both trailer producers and users.",no
LP200200134,"Running Hot: Increasing the Availability of World-Class Precision Timing . Precision clocks are a key enabler for many important technologies including navigation, radar, distributed computing and communications. Unfortunately, the very best clocks are currently bulky and very expensive.  This project will take Australia‚Äôs multi-award winning sapphire clock technology and transform it so that its unmatched performance is available from a unit with an order of magnitude smaller size, power consumption and cost.  This transformation will be driven on the back of a patented revolutionary step that allows operation of the sapphire clock at higher cryogenic temperatures. The new clock will have a wider range of applications delivering more computational power, higher bandwidth transmissions and better radar. ",no
LP200301154,"Fatigue life and biodegradation of biomass waste composites in roads. This project aims to develop a new low-carbon pavement stabilisation technology by utilising biomass waste composites in road subgrades and bases. This research expects to generate new knowledge on the performance of biomass composites in roads, when subjected to high traffic loads using experimental, numerical approaches and field trials. Expected project outcomes include evaluating the long-term performance of this new road construction material, developing predictive models and building enduring collaborations with industry. Benefits include: diversion of wastes from landfills, reduction in greenhouse gas emissions and the potential for commercial applications of biomass waste composites in future roads.",no
LP200301403,"Next generation smart lighting to improve sleep and alertness. Light has a powerful influence on our sleep and alertness. The manipulation of the amount of blue in a light source and the visual brightness of a light source are key factors, but there has been no systematic study that can guide manufacturers in the design of the ideal light source for promoting either sleep or alertness. This study will systematically examine the impact of the amount of blue light in a light source and the visual brightness, creating a wide range of combinations that can be used to model the optimal light specifications for sleep and alertness, while maintaining visual acuity and colour discrimination. This will be the evidence base needed by the lighting industry to create the next generation of smart lighting.",yes
LP210200931,"Towards in-vehicle situation awareness using visual and audio sensors. This project aims to characterise driver awareness, activity and interactions with other vehicle occupants using visual and audio cues from internally mounted sensors. Road accidents cost Australia an estimated $30 billion per year and tragic loss of thousands of lives, yet the vast majority of severe vehicle crashes are linked to driver fatigue or distraction. The expected project outcomes include advanced artificial intelligence to infer and predict dangerous driver and passenger behaviour. This has the potential to significantly benefit society by advancing autonomous driving capabilities and reducing driver-induced accidents and fatalities, ensuring that every driver, passenger and pedestrian arrives home safely at the end of each day.",yes
LP220200115,"Paving the way for ultra-long haul flights: strategies to mitigate jetlag. This project aims to develop and test strategies to mitigate jetlag, founded on biophysical modelling of circadian rhythms. It sets out to quantify the speed of circadian adaptation of sleep, alertness, and metabolism after transmeridian travel and to maximise speed of adaptation via optimised timing of light exposure, food, and exercise in-flight and on-the-ground. Expected outcomes include powerful models for jetlag strategies, ready for application in air travel. The project will directly inform Qantas‚Äô operations for ultra-long haul flights and their international network more broadly. Project outcomes will benefit society and the economy through improving travellers‚Äô alertness, sleep, and reducing the risk of fatigue-related accidents.",yes
LP230100229,"Flame-Retarding and Mechanically Resilient Elastomer Composites. This project will develop a new generation of flame-retarding and mechanically resilient elastomer composites by taking advantage of nanoscale effect and synergy. The outcomes will be two types of flame-retarding additive pellets and their elastomer composites; these pellets also suit other polymers such as thermoplastics. The elastomer composites are expected to have excellent flame retardancy, mechanical properties, and fatigue performance, to meet the demands from industrial partners. The project will provide a platform for elastomer manufacturing industry to develop flame-retarding, high-performance products for domestic applications and for export. ",no
LP250100365,"Performance Optimisation of Pulley Lagging in High Capacity Conveyors. Every bulk material (eg Iron Ore, Lithium, Copper) is transported by belt conveyor at some point during production. As global demand for bulk materials increases, conveyor drive systems are failing at an increasing rate. These failures result in lost production, high costs, and contribute to 80,000 tonnes of rubber waste each year. This project aims to improve the reliability and efficiency of conveyor drive systems by studying the friction, wear, and fatigue of drive pulley lagging materials, and developing new design methods to reduce failures. The outcomes will improve productivity and sustainability of material handling, and be translated into new International design standards through existing channels.",no
MRF1193862,"Poor lifestyle patterns (physical inactivity, excess sedentary behaviour, lack of sleep, poor diet) are leading modifiable causes of death and disease in Australia. It is vital we improve health behaviors in our communities, particular within high-risk groups. The rapid growth of technologies has created new possibilities for health interventions. Innovative research is needed to harness this potential by creating and translating personalised, scalable technology-based interventions.",no
MRF1199358,"End-stage kidney disease is rare and life-limiting. For patients receiving dialysis, fatigue is a common and debilitating symptom associated with an increased risk of mortality and cardiovascular disease. Exercise is a research priority for patients and clinicians. The M-FIT trial will determine if a patient-centred exercise program is an efficacious and cost-effective in reducing fatigue, hospitalisation, and improving health outcomes in people receiving dialysis.",no
MRF1199601,"Non-invasive ventilation (NIV) to help people breathe as they get weaker with Motor Neurone Disease (MND) increases survival by 4 times more than the best drug we have (Riluzole). Our team have demonstrated that a sleep study that optimises NIV, can increase how many people can use NIV well and thus further improve survival. However, an overnight sleep study can be difficult for people with MND. This current study will test whether the same benefit can be seen in more centres across Australia.",yes
MRF1200214,"Endometriosis is a chronic inflammatory disease afflicting 700 000 Australians. In addition to pain, common symptoms include fatigue, anxiety, depression, and poor quality of life (QoL). Consistent with the National Action Plan for Endometriosis (NAPE) focus on improving QoL, this project will examine two mind-body interventions designed to enhance the mind's positive impact on the body in order to improve patient QoL. This trial aims to use gold-standard methodology to test whether one of the most popular treatments for chronic pain (yoga), and the most prescribed psychological therapy for chronic pain (to cognitive behaviour therapy), really do address the debilitating symptoms of endometriosis, to potentially alleviate the suffering of thousands of Australians.",no
MRF1200267,"We will undertake a clinical trial aimed at improving the quality of life for stroke survivors by targeting and treating fatigue. Post stroke fatigue has been rated as the number one unmet medical need of stroke survivors. We have previously had significant success in a phase 2 trial of modafinil to treat post stroke fatigue, and we now seek to perform a similar trial on a larger, international cohort in order to change clinical practice.",no
MRF1200764,"This project will test the impact of an early childhood intervention to promote healthy child development and prevent chronic health conditions such as obesity in families attending community playgroups. The program will address the underlying risk factors for chronic disease by helping parents take effective steps to improve their child's dietary, physical activity, screen time, and sleep behaviours.",no
MRF1201569,"We will co-design and deliver a sleep health program for Indigenous adolescents and evaluate its feasibility, acceptability and effectiveness. This program is rooted in the Indigenous conceptualisation of sleep health, capacity building of Aboriginal youth workers and bringing together Indigenous community, mental health and primary care services, and advocacy partners to co-design a solution for improving the mental health of Indigenous adolescents through healthy sleep.",yes
MRF2018007,"This research involves children with neurodisability e.g., children with genetic syndromes. Sleep problems are very common in this group of children and can be severe and persistent, but few studies have been done specifically in this population. Poor sleep in children with neurodisability can make learning and behaviour even harder and also affects parent health and well-being. In this research we will explore new ways to diagnose and manage sleep problems in children with neurodisability.",yes
MRF2022971,"Obstructive Sleep Apnoea (OSA) is a highly prevalent yet under-recognised health condition affecting many First Nations peoples. Logistical and financial issues in accessing non-local specialist services result in high rates of undiagnosed/untreated OSA in First Nations communities. This project includes five work packages focused on co-designing OSA services, upskilling the local workforce and educating community members to bring a transformative shift in OSA care in First Nations communities.",yes
MRF2022973,">1 million Australians have obstructive sleep apnoea (OSA). In addition to disrupted sleep, OSA has serious health, safety, & economic consequences. Current treatment approaches do not consider an individual‚Äôs specific needs leading to patient frustration and significant untreated disease. Our research program will generate new diagnostic and clinical tools to provide a range of effective personalised alternative OSA targeted treatments to improve patient health and satisfaction.",yes
MRF2023088,"Shift workers experience sleep disturbances and insomnia due to non-standard work hours and misalignment of circadian rhythms or ""body-clock."" Shift work is associated with enormously high risk of poor physical and mental health, including cardiovascular disease, type-II diabetes, cancer, depression, suicidal ideation, accidents and injuries. This project will deliver a world's-first technology that revolutionises sleep health and lifestyle for more than 1.5 million Australian shift workers.",yes
MRF2023434,We lack robust evidence for the impact of interventions targeting improvements in both activity and sleep to reduce chronic disease risk. Using a 3-arm Randomised Control Trial (RCT) this project will test the efficacy of a novel digital physical activity and sleep health intervention ‚ÄìBalanced‚Äì to maximise improvements glucose control among mid aged adults (45-64 years) who are physically inactive and have poor sleep health relative to a physical activity only intervention and a control group.,yes
MRF2024314,"Dendritic cells (DCs) are immune sentinels that alert then rid the body of 'foreign' components, including cancer. However, no clinical trials in cancer patients have ever been undertaken with the 'right' kind of DCs because not enough of them can be made. Our novel method can generate >100 times more of the 'right' kind of DCs from a patient's stem cells, In this proposal, we will adapt their generation so it meets approval for use in for a Phase I anti-cancer immunotherapy trial.",no
MRF2024921,"Multiple sclerosis (MS) is characterized by relapsing or progressive neurological symptoms. The most disabling symptom for many people with MS is fatigue which does not respond to MS immunotherapies. Infection with Epstein Barr Virus (EBV) is not only a trigger for MS, but latent EBV infection within B lymphocytes appears important for the chronicity of the disease. In this phase III placebo-controlled trial, the effect of EBVantiviral therapies on fatigue will be assessed in people with MS.",no
MRF2030893,"Fibrotic interstitial lung disease (ILDs) are complex lung scarring conditions with no proven treatments that cure the disease or provide long-term relief from the debilitating physical and mental symptoms. Low oxygen levels during sleep are common in people with fibrotic ILD, which predict daytime function, poor quality of life and death. This program will investigate the role of nocturnal oxygen therapy with telemonitoring to improve wellbeing and health outcomes in people with fibrotic ILD.",no
MRF2031053,"This program supports mothers with their toddler‚Äôs diet, physical activity, sedentary behaviour and sleep, which are identified by Australian parents as their top health concerns. The program will be tested with 800 families across Australia. We will also work with our Partner Organisations to evaluate how best to deliver this program to all families across Australia.",no
MRF2031920,"Long term insomnia affects both mental and physical health. Australians living in rural areas, older people and those with other mental health problems are more likely to have insomnia. Currently there is poor access to cognitive behavioural treatment (CBTi) for insomnia and use of sleeping tablets is common. This project compares the effectiveness of digital CBTi, both with and without clinician support, to brief sleep hygiene advice from the patient's GP on improving sleep and mental health.",yes
MRF2033283,"Our RECOVERy study aims to investigate the role of the gut in promoting the condition known as Long COVID. It will test whether faecal microbial transplant (poo transplant) can improve some of the biological markers that are known to be impaired in Long COVID, as well as the common symptoms of Long COVID. These include a wide range of both physical and mental symptoms such as fatigue, depression, sleep quality, and overall quality of life, as well as the ability to function in daily life.",no
MRF2035163,"Over 200,000 Australians provide informal assistance to people with cognitive impairment, two thirds of whom experience significant sleep disturbance. This project will co-design and test a novel digital sleep program to target cognition and sleep issues in both the person with cognitive impairment and their carer. Supporting carer sleep will enhance quality of life and potentially slow cognitive decline in people with cognitive impairment.",yes
MRF2035269,People living with schizophrenia have very significant heart and metabolism issues. One of these issues is sleep apnoea which due in part to the weight gaining side effects of some medication used in schizophrenia. This trial is aiming to show that a more patient friendly at-home test for sleep apnoea (overnight measurement of blood oxygen levels for 3 nights) provides similar clinical and cost effects as the current standard of testing overnight in a hospital or sleep laboratory environment.,yes
MRF2035631,"This work aims to improve OSA screening and diagnosis in First Nations communities by leveraging partnerships with end users. The proposed program includes community roadshows and training consumers as local champions for improving OSA awareness, developing new tools for OSA screening, identifying new diagnostic indicators, trialling home-based diagnostic models, and evaluating their clinical and cost-effectiveness to ensure timely and culturally responsive screening and diagnosis of OSA.",yes
MRF2035688,"Our research evaluates if home-based Level 3 sleep studies are as reliable and cost-effective as full sleep laboratory tests for diagnosing and managing obstructive sleep apnoea in children. It will evaluate their acceptability to families and healthcare providers, accuracy, and suitability compared to traditional, more complex sleep laboratory tests. Four Australian paediatric sleep centres will collaborate on this study.",yes
MRF2035692,"Continuous Positive Airway Pressure (CPAP) devices are a mainstay of treatment for obstructive sleep apnoea. Adherence to these devices is however low. CPAP devices are supplied by some pharmacies which provides an easy access path to technical and adherence support services for CPAP users. Using evidence based methods, this study will develop a standard adherence service model for provision by CPAP provider pharmacies to support those with apnoea to derive maximal benefits from CPAP treatment.",yes
MRF2035716,"This study will compare the effects of simplified sleep study testing (with fewer monitoring channels than usual) versus full sleep studies for the diagnosis of obstructive sleep apnea, by investigating the accuracy of 3 different simplified sleep study devices, their impacts on physician decision-making and important patient outcomes (including symptoms of daytime sleepiness) and whether the use of simplified testing devices in the management of OSA is associated with significant cost savings.",yes
MRF2035741,"Current diagnosis of OSA requires a single night sleep study either at home or in a sleep laboratory where up to 12 different sensors are applied to the head, body, finger and legs. Patients often sleep poorly and 1-night assessments may not be representative of usual sleep, leading to misdiagnosis of sleep apnoea and severity. This project will test current methods against newer less intrusive technologies that can record over multiple nights to enable simpler and lower cost diagnostic methods.",yes
MRF2035768,"Although efficacious, OSA therapies are often not used by patients. In addition, monitoring how well treatments are managing OSA is not well done currently. This study will examine if home monitoring of OSA control using an safe, effective, unobtrusive under-mattress device combined with a range of support options to assist patients with using OSA therapies and help with the impact of OSA on their lives, is more effective and cheaper than usual care.",yes
MRF2035774,"ZenZone will investigate a new treatment option to improve symptoms of depression in girls aged 11-14. We will test whether eating a daily yogurt product containing beneficial probiotics is a feasible and acceptable treatment strategy for adolescent girls. We will also test the yoghurt's potential to improve mental and brain health, including symptoms of depression, sleep, emotional and behavioural problems, and cognition, potentially via changes to the gut microbiome and stress hormone levels.",no
MRF2035950,"Sleep health is an untapped opportunity to reduce the risk and severity of mental health issues in First Nations children. In collaboration with First Nations communities and diverse industry partners, we will codesign and deliver resources to empower consumers and support service providers in integrating sleep into mental health promotion, protection, and support.  Our work will also influence advocacy and policy for wider promotion and uptake of sleep in paediatric mental health initiatives.",yes
MRF2039772,"Most people living with spinal cord injury have sleep apnoea but very few are treated for it. Untreated sleep apnoea can significantly impair quality of life. Accessing specialist services for investigation and treatment of sleep apnoea is challenging for people with spinal cord injury. This study will investigate whether it is feasible for a physiotherapist to assess, diagnose and treat sleep apnoea. If feasible, we will test the effectiveness of this care model in a larger clinical trial.",yes
MRF2039966,"Most people can identify if they are a ""morning-"" or ""evening-"" person. Individual circadian chronotype is underpinned by >300 genetic markers and is predictive of disease risk from diabetes to depression. Aligning sleep and daily activities with genetic chronotype is used as a therapy for mood disorders and insomnia. We will identify how genetic chronotype affects epileptic seizures, which show strong daily to monthly rhythms, and pilot a targeted sleep schedule to manage epilepsy.",yes
MRF2040469,"Cancer-related fatigue is a common disabling condition, but implementation of a tailored, lifestyle-based self-management approach with carer and clinician support is lacking. This study will evaluate whether a clinician supported, virtual care telehealth model of care including exercise, nutrition, education, behaviour change, and peer support can improve fatigue and quality of life in cancer survivors, and whether this approach is translatable into clinical practice and feasible for scale-up.",no
MRF2040489,"Rates of adolescent depression are increasing, and effective prevention strategies are needed. Poor sleep is a powerful risk factor for depression. This project investigates the effects of a school sleep health program, which (i) involves sleep health education delivered in classrooms, and (ii) school wellbeing teams providing support to students experiencing poor sleep. Project outcomes will establish the feasibility and value of this approach in reducing adolescent depression risk.",yes
MRF2040668,"Many people with chronic musculoskeletal (MSK) pain experience insomnia. Compelling evidence shows that by improving sleep though cognitive behavioural therapy for insomnia (CBT-I), chronic MSK pain also improves. However, sleep is rarely managed as part of usual care for chronic MSK pain. Our aim is to build capacity of physiotherapists working in outpatient clinics to deliver CBT-I.  We anticipate greater improvement in pain and cost savings when adding CBT-I to usual care.",yes
MRF2045881,"People with Post-Acute Sequelae of COVID-19 (PASC) suffer with disabling symptoms like fatigue, brain fog and breathlessness. The SAGE trial will provide education and training to upskill GPs, practice nurses, allied health professionals, as well as patients, in the diagnosis and care of PASC. A new model of care will be tested comparing multidisciplinary symptom-focused rehabilitation (physical therapy and psychological support) compared to self-directed management in primary care.",no
MRF2046098,"Some people experience prolonged symptoms after an infection, while others recover quickly. This variation is not fully understood due to the need for large sample sizes for robust predictions. Our consumer co-designed project will analyse predictors of post-infective fatigue using a large, pooled international sample and apply the results to the largest Australian Long COVID study. This will help understand who develops Long COVID and why, aiding doctors, patients, and policymakers.",no
MRF2046178,"Long COVID can cause lasting health issues, including breathlessness and fatigue months after infection. We developed and tested a multidisciplinary intervention combining exercise and medical care and found it improved patients‚Äô functional capacity. This research will work with patients and health experts to expand this program nationally using a risk-based, fully remote approach. Our goal is to reduce health burden, lower costs, and improve quality of life for those with Long COVID.",no
RFRHPI000210,"There is no pharmacotherapy for disorders of low muscle tone or muscular flaccidity, such as obstructive sleep apnoea, urinary/faecal incontinence, pelvic floor weakness, MS and MND. Tetanus neurotoxin (TeNT) is related to Botulinum neurotoxin (e.g. Botox, BoNT), but has the opposite effect of increasing muscle tone. Unlike BoNT, TeNT has not been used in medical applications due to human vaccinations and immunity, until now. Snoretox is a treatment made through modification of TeNT, bypassing the human immune response, making it a world-first drug able to enhance motor function and overcome muscle weakness in vaccinated humans and animals. This project will allow us to conduct the necessary steps to bring this exciting product to market.",no